objectid,shape_leng,dis_elec,cir_sena,cod_comuna,codregion,st_area_sh,st_length_,Region,Comuna,Provincia,lon,lat
48,170038.624165,16,8,6204,6,968577420.215,206184.271675,RegiÃ³n del Libertador Bernardo O'Higgins,MarchigÃ¼e,Cardenal Caro,-71.67173485344311,-34.37266066088422
29,125730.104795,15,8,6102,6,415744636.457,151911.576827,RegiÃ³n del Libertador Bernardo O'Higgins,Codegua,Cachapoal,-70.54726191119168,-34.05708862841495
30,63026.084422,15,8,6103,6,144856483.997,76355.3261221,RegiÃ³n del Libertador Bernardo O'Higgins,Coinco,Cachapoal,-70.97115447190878,-34.2823005336038
31,89840.9035622,15,8,6104,6,325657168.174,108874.62315,RegiÃ³n del Libertador Bernardo O'Higgins,Coltauco,Cachapoal,-71.07754235571547,-34.25970179211459
78,122626.493264,23,11,9121,9,699072707.721,156680.410681,RegiÃ³n de La AraucanÃ­a,Cholchol,CautÃ­n,-72.90223840644005,-38.58330086780146
79,279935.99953,23,11,9103,9,3127304687.96,360052.118714,RegiÃ³n de La AraucanÃ­a,Cunco,CautÃ­n,-71.99209035421384,-38.977402863671344
81,213151.717476,23,11,9105,9,1449625953.59,250988.103082,RegiÃ³n de La AraucanÃ­a,Freire,CautÃ­n,-72.58838063689353,-38.95508650818178
82,142385.870502,22,11,9106,9,925936804.389,181788.380218,RegiÃ³n de La AraucanÃ­a,Galvarino,CautÃ­n,-72.79163777220171,-38.44829852923736
34,56156.6230591,15,8,6106,6,164572482.657,67893.1833641,RegiÃ³n del Libertador Bernardo O'Higgins,Graneros,Cachapoal,-70.74703817553568,-34.0656555904126
37,109700.558035,15,8,6109,6,324198524.194,133217.288818,RegiÃ³n del Libertador Bernardo O'Higgins,Malloa,Cachapoal,-70.87279299749262,-34.47653441526647
87,176551.420831,23,11,9111,9,1205041437.95,226006.583751,RegiÃ³n de La AraucanÃ­a,Nueva Imperial,CautÃ­n,-72.97179558289129,-38.75165570261287
89,114785.856061,22,11,9113,9,539500048.473,146495.379509,RegiÃ³n de La AraucanÃ­a,Perquenco,CautÃ­n,-72.43665525348247,-38.42827898565695
90,208032.388841,23,11,9114,9,960064244.81,267899.451638,RegiÃ³n de La AraucanÃ­a,PitrufquÃ©n,CautÃ­n,-72.66352480493889,-39.08400921873761
93,113349.942048,23,11,9101,9,763298574.271,145034.558995,RegiÃ³n de La AraucanÃ­a,Temuco,CautÃ­n,-72.66779671464313,-38.67332799951217
94,161622.529196,23,11,9117,9,1084979595.93,208005.166218,RegiÃ³n de La AraucanÃ­a,Teodoro Schmidt,CautÃ­n,-73.127656890523,-39.005614925182655
96,266438.994573,22,11,9119,9,2327191721.69,341367.774581,RegiÃ³n de La AraucanÃ­a,VilcÃºn,CautÃ­n,-72.11653344958115,-38.70470885582451
98,249430.753705,22,11,9201,9,1918567459.04,315564.455188,RegiÃ³n de La AraucanÃ­a,Angol,Malleco,-72.79534011998886,-37.7689304020873
99,273338.61023,22,11,9202,9,2110032532.24,346921.360036,RegiÃ³n de La AraucanÃ­a,Collipulli,Malleco,-72.1239099244498,-38.02657752820177
100,213490.641994,22,11,9203,9,2705069734.15,272634.084042,RegiÃ³n de La AraucanÃ­a,CuracautÃ­n,Malleco,-71.77192874481668,-38.427438237134744
101,170675.595438,22,11,9204,9,803870010.787,216811.428144,RegiÃ³n de La AraucanÃ­a,Ercilla,Malleco,-72.35285945404904,-38.082884471849255
103,169844.122286,22,11,9206,9,1370977022.7,215413.271617,RegiÃ³n de La AraucanÃ­a,Los Sauces,Malleco,-72.79673688500868,-37.98299921437385
104,227705.219204,22,11,9207,9,1804683048.07,290044.472425,RegiÃ³n de La AraucanÃ­a,Lumaco,Malleco,-73.04593359778225,-38.2873476000101
105,137030.480474,22,11,9208,9,749345308.861,173848.331706,RegiÃ³n de La AraucanÃ­a,PurÃ©n,Malleco,-73.05037773768291,-38.01229462885026
106,114371.368352,22,11,9209,9,423576583.734,144617.805907,RegiÃ³n de La AraucanÃ­a,Renaico,Malleco,-72.57552999370012,-37.71764385156496
107,191794.776496,22,11,9210,9,1455426703.92,244241.817629,RegiÃ³n de La AraucanÃ­a,TraiguÃ©n,Malleco,-72.65502358950208,-38.24713673252582
108,195942.049713,22,11,9211,9,2048983179.27,249645.805912,RegiÃ³n de La AraucanÃ­a,Victoria,Malleco,-72.23349215259472,-38.28068294969357
330,13987.3267808,10,7,13129,13,14243413.4206,16812.167615,RegiÃ³n Metropolitana de Santiago,San JoaquÃ­n,Santiago,-70.62840868813956,-33.4961009526353
38,61541.8440217,16,8,6112,6,226470474.304,74625.8820168,RegiÃ³n del Libertador Bernardo O'Higgins,Peumo,Cachapoal,-71.22179694218549,-34.329142454970736
39,105318.148508,16,8,6113,6,471868931.48,127729.924327,RegiÃ³n del Libertador Bernardo O'Higgins,Pichidegua,Cachapoal,-71.33900059636413,-34.37124511913785
133,182841.388347,25,13,10307,10,1087024061.04,240044.217066,RegiÃ³n de Los Lagos,San Pablo,Osorno,-73.1614631754401,-40.42733606327176
140,364280.015951,24,12,14201,14,3656689120.64,474203.726792,RegiÃ³n de Los RÃ­os,La UniÃ³n,Ranco,-73.21985017703419,-40.202118113501996
143,316586.233799,24,12,14104,14,3042426274.68,412407.03288,RegiÃ³n de Los RÃ­os,Los Lagos,Valdivia,-72.55441649017973,-39.87856249296507
144,181074.022363,24,12,14105,14,978738501.395,235205.534329,RegiÃ³n de Los RÃ­os,MÃ¡fil,Valdivia,-72.86371231436146,-39.692132591084516
146,209143.467414,24,12,14107,14,1540641588.57,273186.467923,RegiÃ³n de Los RÃ­os,Paillaco,Ranco,-72.84322969595131,-40.074405545539165
279,191493.545385,17,9,7103,7,1602501393.42,234347.693056,RegiÃ³n del Maule,Curepto,Talca,-71.95308053416134,-35.129890838796506
280,142724.34943,17,9,7104,7,857528510.004,175634.26601,RegiÃ³n del Maule,Empedrado,Talca,-72.28425993494703,-35.61360985549349
331,13311.6413035,13,7,13130,13,13895381.1211,15988.8160374,RegiÃ³n Metropolitana de Santiago,San Miguel,Santiago,-70.65157644528381,-33.49910443154141
283,176274.410596,17,9,7107,7,1437081080.58,216188.830744,RegiÃ³n del Maule,Pencahue,Talca,-71.81630099426997,-35.32766458009683
41,79799.1346077,15,8,6101,6,382094640.692,96506.2676409,RegiÃ³n del Libertador Bernardo O'Higgins,Rancagua,Cachapoal,-70.81664376083702,-34.125792403558066
43,139517.002863,15,8,6116,6,994712881.826,169133.591101,RegiÃ³n del Libertador Bernardo O'Higgins,RequÃ­noa,Cachapoal,-70.6590413148546,-34.33495809612291
44,125994.894798,15,8,6110,6,765037468.02,152050.0431,RegiÃ³n del Libertador Bernardo O'Higgins,Mostazal,Cachapoal,-70.56885652739872,-33.95573309642437
45,122357.073696,16,8,6117,6,713721598.731,148579.091183,RegiÃ³n del Libertador Bernardo O'Higgins,San Vicente,Cachapoal,-71.12316958192277,-34.477569004221536
55,74770.9925149,16,8,6305,6,223244061.862,91003.6265248,RegiÃ³n del Libertador Bernardo O'Higgins,Nancagua,Colchagua,-71.1919510866151,-34.66749757920141
57,95845.7684629,16,8,6307,6,416393777.778,116355.375501,RegiÃ³n del Libertador Bernardo O'Higgins,Peralillo,Colchagua,-71.49671807307864,-34.466061687775436
58,56061.9337509,16,8,6308,6,214207621.537,68201.7633857,RegiÃ³n del Libertador Bernardo O'Higgins,Placilla,Colchagua,-71.08631351683091,-34.6190309038902
59,110872.29753,16,8,6309,6,652156371.031,134789.469346,RegiÃ³n del Libertador Bernardo O'Higgins,Pumanque,Colchagua,-71.69176917213578,-34.5959170493438
66,134800.83733,5,5,4103,4,689765081.97,156310.933278,RegiÃ³n de Coquimbo,Andacollo,Elqui,-71.10063018474214,-30.259530939422795
332,11733.4867099,13,7,13131,13,9056279.75212,14061.5288579,RegiÃ³n Metropolitana de Santiago,San RamÃ³n,Santiago,-70.6422434887584,-33.540485979341796
83,164225.31441,23,11,9107,9,1149212429.66,211745.172173,RegiÃ³n de La AraucanÃ­a,Gorbea,CautÃ­n,-72.66957051919968,-39.17199328177333
84,235808.011217,22,11,9108,9,1483784604.62,301452.736587,RegiÃ³n de La AraucanÃ­a,Lautaro,CautÃ­n,-72.28908082081877,-38.543266834556775
113,72488.1155563,26,13,10206,10,176100718.607,98426.7163651,RegiÃ³n de Los Lagos,PuqueldÃ³n,Chiloe,-73.63698754400974,-42.62677390498693
120,262670.308702,25,13,10104,10,2252031399.91,343880.754603,RegiÃ³n de Los Lagos,Fresia,Llanquihue,-73.60471890046537,-41.154361319256076
122,119609.534275,25,13,10107,10,765054942.557,166320.844792,RegiÃ³n de Los Lagos,Llanquihue,Llanquihue,-73.13316637992902,-41.23758682316054
127,256150.505634,25,13,10301,10,1656161977.83,337202.720106,RegiÃ³n de Los Lagos,Osorno,Osorno,-73.08643222834986,-40.61202156838027
129,346036.290558,25,13,10303,10,2544875724.61,460023.182799,RegiÃ³n de Los Lagos,Purranque,Osorno,-73.45690160666817,-40.935508592591816
150,372009.389912,28,15,12102,12,9376864896.51,514549.098128,RegiÃ³n de Magallanes y AntÃ¡rtica Chilena,Laguna Blanca,Magallanes,-71.23964099912412,-52.332062043434625
154,0.0,0,0,0,0,9306245194.15,388722.375797,Zona sin demarcar,Zona sin demarcar,Zona sin demarcar,-73.25645339999222,-49.48705825402875
309,11488.6957475,9,7,13108,13,10686368.3225,14088.4174883,RegiÃ³n Metropolitana de Santiago,Independencia,Santiago,-70.66502891870027,-33.414534217578726
169,58129.1408141,6,6,5303,5,174853444.232,69342.9857837,RegiÃ³n de ValparaÃ­so,Rinconada,Los Andes,-70.7061819904349,-32.876389226946884
171,253313.887618,6,6,5402,5,2046880934.69,300444.136135,RegiÃ³n de ValparaÃ­so,Cabildo,Petorca,-70.82388829800604,-32.41748830409315
174,218622.496264,6,6,5404,5,2124354008.05,258623.975312,RegiÃ³n de ValparaÃ­so,Petorca,Petorca,-70.86996383008281,-32.19053958653022
310,12797.5957621,13,7,13109,13,14541846.5798,15442.4127548,RegiÃ³n Metropolitana de Santiago,La Cisterna,Santiago,-70.66388864992288,-33.53008204704926
191,56178.1943751,6,6,5704,5,170691625.891,66825.2568549,RegiÃ³n de ValparaÃ­so,Panquehue,San Felipe,-70.82850616463362,-32.7937756823118
205,230584.102352,21,10,8203,8,1748517610.01,292034.487451,RegiÃ³n del BÃ­o-BÃ­o,CaÃ±ete,Arauco,-73.317531774995,-37.87400381193146
206,196938.931097,21,10,8204,8,1030270719.81,249973.114356,RegiÃ³n del BÃ­o-BÃ­o,Contulmo,Arauco,-73.21195318311585,-38.05288768398288
207,203354.326583,21,10,8205,8,1586385752.62,256146.027704,RegiÃ³n del BÃ­o-BÃ­o,Curanilahue,Arauco,-73.23547995703633,-37.48303193492502
208,206188.99445,21,10,8201,8,904415407.099,263533.153004,RegiÃ³n del BÃ­o-BÃ­o,Lebu,Arauco,-73.59079751261396,-37.67839410768697
209,191513.658139,21,10,8206,8,960669188.152,241877.724652,RegiÃ³n del BÃ­o-BÃ­o,Los Alamos,Arauco,-73.35701199080538,-37.67366065324216
323,36618.9716947,11,7,13122,13,77092706.9478,43954.3369677,RegiÃ³n Metropolitana de Santiago,PeÃ±alolÃ©n,Santiago,-70.52533672221907,-33.485377500341734
181,69802.2399623,6,6,5803,5,328819011.058,83356.6629422,RegiÃ³n de ValparaÃ­so,OlmuÃ©,Marga Marga,-71.11041531003423,-33.035689241943196
184,92123.7165723,7,6,5603,5,351962973.746,113268.42278,RegiÃ³n de ValparaÃ­so,Cartagena,San Antonio,-71.4421309921971,-33.53382568851388
189,95737.0934764,6,6,5702,5,512578286.09,113964.598246,RegiÃ³n de ValparaÃ­so,Catemu,San Felipe,-70.94466017723126,-32.70742277302569
190,97590.9729151,6,6,5703,5,496017564.147,116352.396965,RegiÃ³n de ValparaÃ­so,Llaillay,San Felipe,-70.90169826543448,-32.888121041531754
193,96036.6786134,6,6,5701,5,264278263.838,113763.090837,RegiÃ³n de ValparaÃ­so,San Felipe,San Felipe,-70.7530110257111,-32.73637552687673
194,77146.711325,6,6,5706,5,235500884.987,91843.6558322,RegiÃ³n de ValparaÃ­so,Santa MarÃ­a,San Felipe,-70.60976087837916,-32.68612247305294
202,51418.5282103,6,6,5804,5,136191248.187,61466.831272,RegiÃ³n de ValparaÃ­so,Villa Alemana,Marga Marga,-71.330178582077,-33.067520813090525
214,78536.5989353,21,10,8304,8,546254659.177,98730.74052,RegiÃ³n del BÃ­o-BÃ­o,Laja,BÃ­o-BÃ­o,-72.58249894236549,-37.31264509805079
215,257441.723986,21,10,8301,8,2778401837.93,324131.133137,RegiÃ³n del BÃ­o-BÃ­o,Los Angeles,BÃ­o-BÃ­o,-72.32752816937868,-37.40780398270307
216,311947.908393,21,10,8305,8,3084621693.08,395257.641801,RegiÃ³n del BÃ­o-BÃ­o,MulchÃ©n,BÃ­o-BÃ­o,-72.09667203558675,-37.83872353984908
217,191416.344754,21,10,8306,8,1447681834.79,241228.022204,RegiÃ³n del BÃ­o-BÃ­o,Nacimiento,BÃ­o-BÃ­o,-72.82358132426796,-37.485653881767206
271,288033.759891,18,9,7401,7,2245998504.52,356106.042176,RegiÃ³n del Maule,Linares,Linares,-71.33199524201015,-35.95851589700744
272,267604.712137,18,9,7403,7,2231920365.24,331498.941045,RegiÃ³n del Maule,LongavÃ­,Linares,-71.44114245835382,-36.11087082026624
324,16072.4082758,10,7,13123,13,20730831.4383,19223.7409329,RegiÃ³n Metropolitana de Santiago,Providencia,Santiago,-70.61208301838313,-33.43163239426499
218,77213.5482497,21,10,8307,8,248070130.186,97486.005011,RegiÃ³n del BÃ­o-BÃ­o,Negrete,BÃ­o-BÃ­o,-72.57634419165255,-37.6081119676115
219,282388.766764,21,10,8308,8,1813717404.16,358287.732112,RegiÃ³n del BÃ­o-BÃ­o,Quilaco,BÃ­o-BÃ­o,-71.70463403194908,-37.96140689482138
220,240420.559462,21,10,8309,8,1781342467.48,302872.949113,RegiÃ³n del BÃ­o-BÃ­o,Quilleco,BÃ­o-BÃ­o,-71.86127519056325,-37.43678028056295
314,23724.8993554,11,7,13113,13,33615096.9517,28343.6615083,RegiÃ³n Metropolitana de Santiago,La Reina,Santiago,-70.53668191939245,-33.44716713998017
10,1259707.92485,27,14,11402,11,12638622630.5,625908.124833,RegiÃ³n de AysÃ©n del Gral.IbaÃ±ez del Campo,RÃ­o IbÃ¡Ã±ez,General Carrera,-72.48611865853981,-46.3012446969196
221,57593.2998097,21,10,8310,8,147236646.145,72301.0876714,RegiÃ³n del BÃ­o-BÃ­o,San Rosendo,BÃ­o-BÃ­o,-72.72123822671382,-37.21323536614935
223,174044.275559,21,10,8312,8,1437440733.53,218623.23842,RegiÃ³n del BÃ­o-BÃ­o,Tucapel,BÃ­o-BÃ­o,-71.74440414975963,-37.22546513921226
295,44852.0164306,14,7,13403,13,105618847.616,54017.5592471,RegiÃ³n Metropolitana de Santiago,Calera de Tango,Maipo,-70.79019420303528,-33.62329138714777
393,1181428.76921,27,14,11401,11,12186491014.2,699724.743255,RegiÃ³n de AysÃ©n del Gral.IbaÃ±ez del Campo,Chile Chico,General Carrera,-72.58804036418312,-46.768423883891316
10982,1432371.53484,28,15,12402,12,15407987241.5,703187.443583,RegiÃ³n de Magallanes y AntÃ¡rtica Chilena,Torres del Paine,Ultima Esperanza,-72.84200032061908,-51.05172487278719
4572,545073.723145,28,15,12302,12,11612687737.7,728720.644781,RegiÃ³n de Magallanes y AntÃ¡rtica Chilena,Primavera,Tierra del Fuego,-69.32928122440683,-52.81817951282405
225,52415.341351,20,10,8103,8,117422449.332,65567.4409862,RegiÃ³n del BÃ­o-BÃ­o,Chiguayante,ConcepciÃ³n,-73.00518503045039,-36.9007961208487
226,87754.4192449,20,10,8101,8,342717888.08,109049.371139,RegiÃ³n del BÃ­o-BÃ­o,ConcepciÃ³n,ConcepciÃ³n,-72.95086377268574,-36.83427775916502
227,127818.315587,20,10,8102,8,435614511.516,162750.4207,RegiÃ³n del BÃ­o-BÃ­o,Coronel,ConcepciÃ³n,-73.12544881956516,-37.00724125850689
228,143484.486635,20,10,8104,8,947760299.791,179261.255157,RegiÃ³n del BÃ­o-BÃ­o,Florida,ConcepciÃ³n,-72.7178331458497,-36.822444113905895
230,140474.841566,20,10,8105,8,848831447.899,175966.336589,RegiÃ³n del BÃ­o-BÃ­o,Hualqui,ConcepciÃ³n,-72.871005300132,-37.04492768825158
231,65075.995301,21,10,8106,8,180224530.416,83449.8611966,RegiÃ³n del BÃ­o-BÃ­o,Lota,ConcepciÃ³n,-73.10481592665438,-37.11967408749943
233,54738.4624311,20,10,8108,8,174630114.085,66178.1017961,RegiÃ³n del BÃ­o-BÃ­o,San Pedro de la Paz,ConcepciÃ³n,-73.09790701024822,-36.8811938228979
234,172500.999711,20,10,8109,8,1227112564.95,216777.823587,RegiÃ³n del BÃ­o-BÃ­o,Santa Juana,ConcepciÃ³n,-72.96009076325333,-37.276858864308245
153,632960.100213,28,15,12104,12,17934310723.7,930515.447767,RegiÃ³n de Magallanes y AntÃ¡rtica Chilena,San Gregorio,Magallanes,-70.22249985397788,-52.32183181402803
345,1474427.51891,28,15,12301,12,20171403958.5,896296.178872,RegiÃ³n de Magallanes y AntÃ¡rtica Chilena,Porvenir,Tierra del Fuego,-69.37882267221809,-53.313784215467415
159,226896.795617,2,2,1402,1,2486286420.61,243541.757964,RegiÃ³n de TarapacÃ¡,CamiÃ±a,Iquique,-69.50033176096917,-19.369674919642584
160,304995.923848,2,2,1403,1,4506264311.83,340576.557549,RegiÃ³n de TarapacÃ¡,Colchane,Iquique,-68.84495236982548,-19.353173092784928
165,400296.660854,1,1,15201,15,6578680604.91,435298.600892,RegiÃ³n de Arica y Parinacota,Putre,Parinacota,-69.31136454493247,-18.428855302486543
18,629941.072156,3,3,2302,2,14454182793.7,638912.068103,RegiÃ³n de Antofagasta,MarÃ­a Elena,Tocopilla,-69.4658358372166,-22.094887001562746
287,87180.8285948,17,9,7101,7,349742246.884,107100.572774,RegiÃ³n del Maule,Talca,Talca,-71.60222402212574,-35.427923093978656
288,172581.44753,8,7,13301,13,1386967859.08,206660.187466,RegiÃ³n Metropolitana de Santiago,Colina,Chacabuco,-70.61601557057362,-33.135045227888995
333,24644.0186193,10,7,13101,13,33376783.7727,29171.6095001,RegiÃ³n Metropolitana de Santiago,Santiago,Santiago,-70.65655101907635,-33.453533626377656
15,627965.864192,3,3,2201,2,18200325786.2,698047.305688,RegiÃ³n de Antofagasta,Calama,El Loa,-68.62914270230631,-22.17041171168615
289,105302.271643,8,7,13302,13,644966548.044,125957.626917,RegiÃ³n Metropolitana de Santiago,Lampa,Chacabuco,-70.87499010946802,-33.27808311483097
291,103841.82653,12,7,13202,13,644688715.664,125049.198954,RegiÃ³n Metropolitana de Santiago,Pirque,Cordillera,-70.50679641678921,-33.718586864172984
237,113221.955297,19,10,16102,16,665415455.991,141408.537771,RegiÃ³n de Ãuble,Bulnes,Ãuble,-72.2899802430167,-36.79045482769979
239,87876.099606,19,10,16103,16,410061182.279,110512.800189,RegiÃ³n de Ãuble,ChillÃ¡n Viejo,Ãuble,-72.19890251044234,-36.68008806781552
238,208927.651284,19,10,16101,16,738215799.722,261251.236612,RegiÃ³n de Ãuble,ChillÃ¡n,Ãuble,-72.12854688353434,-36.61747936416857
224,175145.560932,19,10,8313,8,1145754924.7,219175.584172,RegiÃ³n del BÃ­o-BÃ­o,Yumbel,BÃ­o-BÃ­o,-72.61602515502773,-37.08867225071385
102,346907.195437,22,11,9205,9,6420664255.1,451753.096253,RegiÃ³n de La AraucanÃ­a,Lonquimay,Malleco,-71.23909747950881,-38.47533898444444
292,48961.6548396,12,7,13201,13,126944640.332,58874.136921,RegiÃ³n Metropolitana de Santiago,Puente Alto,Cordillera,-70.55782568706093,-33.591134103952704
308,32111.2658183,9,7,13107,13,64319628.3659,38432.0997603,RegiÃ³n Metropolitana de Santiago,Huechuraba,Santiago,-70.63801445880603,-33.36027635244701
257,209264.013185,19,10,16109,16,1298237405.39,262411.863565,RegiÃ³n de Ãuble,Yungay,Ãuble,-71.93065433670395,-37.104534075384365
213,144203.938091,19,10,8303,8,1034854903.42,180760.267393,RegiÃ³n del BÃ­o-BÃ­o,Cabrero,BÃ­o-BÃ­o,-72.3812860997883,-37.062105026810414
212,321068.207198,21,10,8302,8,3100221109.12,404429.926243,RegiÃ³n del BÃ­o-BÃ­o,Antuco,BÃ­o-BÃ­o,-71.36688735966872,-37.32803976221077
249,130454.913536,19,10,16107,16,634914423.291,162621.769582,RegiÃ³n de Ãuble,QuillÃ³n,Ãuble,-72.50188648335158,-36.81873789170526
211,248358.527315,21,10,8314,8,3412402094.51,328915.45018,RegiÃ³n del BÃ­o-BÃ­o,Alto BiobÃ­o,BÃ­o-BÃ­o,-71.34859662291342,-37.86562878763067
297,86349.6115156,14,7,13401,13,222758600.127,103993.594041,RegiÃ³n Metropolitana de Santiago,San Bernardo,Maipo,-70.72391916405448,-33.62923664317959
299,153945.257371,14,7,13503,13,998917700.625,184598.345862,RegiÃ³n Metropolitana de Santiago,CuracavÃ­,Melipilla,-71.08004556231153,-33.366667191763106
300,109727.643978,14,7,13504,13,568671460.169,131705.441336,RegiÃ³n Metropolitana de Santiago,MarÃ­a Pinto,Melipilla,-71.21037953641469,-33.498100833820864
303,20923.8592353,8,7,13102,13,23962251.3995,24881.8165941,RegiÃ³n Metropolitana de Santiago,Cerrillos,Santiago,-70.71248876583113,-33.49971969662073
77,256723.827925,23,11,9102,9,2193922775.89,329522.103401,RegiÃ³n de La AraucanÃ­a,Carahue,CautÃ­n,-73.2693607819829,-38.611615100372994
95,158168.411031,23,11,9118,9,1419449283.4,206858.542081,RegiÃ³n de La AraucanÃ­a,ToltÃ©n,CautÃ­n,-73.06579230006531,-39.21718159203386
85,224073.696712,23,11,9109,9,1629002245.53,289380.368577,RegiÃ³n de La AraucanÃ­a,Loncoche,CautÃ­n,-72.58285562901943,-39.35635518354484
142,152128.428573,24,12,14103,14,893899174.49,196801.580866,RegiÃ³n de Los RÃ­os,Lanco,Valdivia,-72.62136680190231,-39.51223751063118
304,16740.5089434,9,7,13103,13,16106927.6958,19971.3089847,RegiÃ³n Metropolitana de Santiago,Cerro Navia,Santiago,-70.7444875406898,-33.42221325579577
334,25316.046022,11,7,13132,13,41234129.0553,30628.9324363,RegiÃ³n Metropolitana de Santiago,Vitacura,Santiago,-70.57287840057002,-33.379374304960805
305,13816.6343887,9,7,13104,13,15802665.9189,16624.3582676,RegiÃ³n Metropolitana de Santiago,ConchalÃ­,Santiago,-70.6766399031618,-33.38350152328233
306,15584.8638776,13,7,13105,13,20608987.1951,18894.4532659,RegiÃ³n Metropolitana de Santiago,El Bosque,Santiago,-70.67611910855909,-33.562665871859664
10800,4043464.71346,28,15,12103,12,25071301264.3,5555464.69019,RegiÃ³n de Magallanes y AntÃ¡rtica Chilena,RÃ­o Verde,Magallanes,-72.4605791680835,-52.84688288809255
17170,11496900.0912,28,15,12101,12,50581102822.9,18253815.5807,RegiÃ³n de Magallanes y AntÃ¡rtica Chilena,Punta Arenas,Magallanes,-72.01792885762495,-53.65132980983084
18258,13054.5635243,8,7,13106,13,21220542.6436,22973.0408725,RegiÃ³n Metropolitana de Santiago,EstaciÃ³n Central,Santiago,-70.70065918416716,-33.46440736736322
80,246981.540914,23,11,9104,9,1953111919.86,322317.45374,RegiÃ³n de La AraucanÃ­a,Curarrehue,CautÃ­n,-71.53962835710183,-39.33733103047267
147,360175.439414,24,12,14108,14,5576570469.36,491691.411153,RegiÃ³n de Los RÃ­os,Panguipulli,Valdivia,-72.02896738920298,-39.71526254465681
130,307161.112062,25,13,10304,10,2828856292.19,413296.068678,RegiÃ³n de Los Lagos,Puyehue,Osorno,-72.38348661763486,-40.72570260446632
148,338916.294647,24,12,14204,14,3765886666.81,446006.025866,RegiÃ³n de Los RÃ­os,RÃ­o Bueno,Ranco,-72.53438789811581,-40.49646117963057
311,49696.4267928,12,7,13110,13,102524500.67,59570.5612212,RegiÃ³n Metropolitana de Santiago,La Florida,Santiago,-70.53982427394915,-33.52834694495828
312,14001.4247777,10,7,13111,13,14519877.9967,16893.8361648,RegiÃ³n Metropolitana de Santiago,La Granja,Santiago,-70.62245088865464,-33.535503122863965
313,26302.7906973,12,7,13112,13,44063102.067,31608.3044188,RegiÃ³n Metropolitana de Santiago,La Pintana,Santiago,-70.63686054701377,-33.58734418500688
119,573461.624396,26,13,10103,10,7058708696.69,785275.905058,RegiÃ³n de Los Lagos,CochamÃ³,Llanquihue,-72.09137562126635,-41.7613141232157
457,1108424.51613,27,14,11102,11,10682196831.0,784976.024222,RegiÃ³n de AysÃ©n del Gral.IbaÃ±ez del Campo,Lago Verde,Coyhaique,-71.8336957383367,-44.493623760981755
10993,1340686.26751,27,14,11101,11,14826238838.3,1053280.01999,RegiÃ³n de AysÃ©n del Gral.IbaÃ±ez del Campo,Coyhaique,Coyhaique,-71.9930059994618,-45.557783018699396
12157,8887416.99347,27,14,11202,11,30124064096.4,10134306.4672,RegiÃ³n de AysÃ©n del Gral.IbaÃ±ez del Campo,Cisnes,AysÃ©n,-73.13818842321892,-44.46027531604361
2047,13731649.3134,27,14,11303,11,43722583429.8,14896758.0281,RegiÃ³n de AysÃ©n del Gral.IbaÃ±ez del Campo,Tortel,CapitÃ¡n Prat,-74.17205857879674,-48.030075829495274
22513,33174907.4509,28,15,12401,12,127837382783.0,46004833.3716,RegiÃ³n de Magallanes y AntÃ¡rtica Chilena,Natales,Ultima Esperanza,-73.95002066337655,-50.705161485739055
5,1952964.63975,27,14,11302,11,18480351051.5,889936.760694,RegiÃ³n de AysÃ©n del Gral.IbaÃ±ez del Campo,O'Higgins,CapitÃ¡n Prat,-72.903699417138,-48.481271470571585
3515,2093515.61872,27,14,11301,11,18799411569.8,873972.775687,RegiÃ³n de AysÃ©n del Gral.IbaÃ±ez del Campo,Cochrane,CapitÃ¡n Prat,-72.74355553569745,-47.36042913684019
315,51230.563241,11,7,13114,13,141665818.383,61618.0901476,RegiÃ³n Metropolitana de Santiago,Las Condes,Santiago,-70.50104474288665,-33.42118085280496
316,149539.074262,11,7,13115,13,1469676729.09,180515.436695,RegiÃ³n Metropolitana de Santiago,Lo Barnechea,Santiago,-70.36871475066847,-33.29952662552693
317,11405.9760388,13,7,13116,13,11804789.5926,13685.6180767,RegiÃ³n Metropolitana de Santiago,Lo Espejo,Santiago,-70.68991622051927,-33.52040023146932
318,10795.4333158,9,7,13117,13,9412959.32787,12827.1594392,RegiÃ³n Metropolitana de Santiago,Lo Prado,Santiago,-70.72291767924716,-33.44677468277755
319,15200.7503739,10,7,13118,13,18447877.3332,18197.1776313,RegiÃ³n Metropolitana de Santiago,Macul,Santiago,-70.59998981799893,-33.48941616252657
342,596835.806139,26,13,10202,10,3214864281.4,669712.679907,RegiÃ³n de Los Lagos,Ancud,Chiloe,-73.79907273596433,-42.017765612570244
115,884977.683406,26,13,10208,10,6296142143.82,1211081.21534,RegiÃ³n de Los Lagos,QuellÃ³n,Chiloe,-73.99530038899042,-43.151987024202256
114,197534.309626,26,13,10207,10,608354319.791,270684.440921,RegiÃ³n de Los Lagos,QueilÃ©n,Chiloe,-73.5645289697582,-42.85583441608605
110,231548.494195,26,13,10203,10,2521067515.25,317028.447093,RegiÃ³n de Los Lagos,Chonchi,Chiloe,-73.93047063526163,-42.68212710946804
125,390585.076024,26,13,10101,10,2974196014.36,536589.326114,RegiÃ³n de Los Lagos,Puerto Montt,Llanquihue,-72.79522769747017,-41.4887197367392
131,304424.447241,25,13,10305,10,2235303739.43,393668.28781,RegiÃ³n de Los Lagos,RÃ­o Negro,Osorno,-73.41670751971839,-40.770370867416766
109,273556.693895,26,13,10201,10,858532196.213,373242.350495,RegiÃ³n de Los Lagos,Castro,Chiloe,-73.80451214168573,-42.47389080666565
112,302364.032776,26,13,10205,10,2250072932.61,386862.136026,RegiÃ³n de Los Lagos,Dalcahue,Chiloe,-73.83599906352218,-42.30977221314295
116,357198.140439,26,13,10209,10,792510552.283,483806.925372,RegiÃ³n de Los Lagos,Quemchi,Chiloe,-73.41093528374503,-42.179329226347356
92,102781.106393,23,11,9116,9,652590443.993,132268.480245,RegiÃ³n de La AraucanÃ­a,Saavedra,CautÃ­n,-73.29538128793044,-38.832727705049834
320,61424.9825258,8,7,13119,13,199087566.723,73734.9134275,RegiÃ³n Metropolitana de Santiago,MaipÃº,Santiago,-70.80960783997756,-33.507036221416804
321,17714.1260512,10,7,13120,13,24367720.2403,21422.185446,RegiÃ³n Metropolitana de Santiago,ÃuÃ±oa,Santiago,-70.59871631612245,-33.45783533324937
322,13054.5635243,13,7,13121,13,12258083.3879,15005.0494402,RegiÃ³n Metropolitana de Santiago,Pedro Aguirre Cerda,Santiago,-70.67545869972807,-33.49176112508691
210,162681.445288,21,10,8207,8,1017738625.02,216865.756665,RegiÃ³n del BÃ­o-BÃ­o,TirÃºa,Arauco,-73.39434682884237,-38.29743013642478
229,48638.903459,20,10,8112,8,82684187.2128,67851.3590369,RegiÃ³n del BÃ­o-BÃ­o,HualpÃ©n,ConcepciÃ³n,-73.14106569878045,-36.78898040772159
235,103046.362071,20,10,8110,8,143591218.111,136271.621161,RegiÃ³n del BÃ­o-BÃ­o,Talcahuano,ConcepciÃ³n,-73.09926388363127,-36.715836687372814
232,67200.983375,20,10,8107,8,167861406.408,86166.4529222,RegiÃ³n del BÃ­o-BÃ­o,Penco,ConcepciÃ³n,-72.943552075519,-36.747777445473716
259,139098.13564,18,9,7202,7,800728957.095,172379.280775,RegiÃ³n del Maule,Chanco,Cauquenes,-72.48525016913099,-35.69898910166985
260,132698.154579,18,9,7203,7,563065542.124,171405.517011,RegiÃ³n del Maule,Pelluhue,Cauquenes,-72.60765101613568,-35.911600170673154
278,230138.712525,17,9,7102,7,2020521645.22,288046.377259,RegiÃ³n del Maule,ConstituciÃ³n,Talca,-72.27621034917547,-35.363333022475224
263,113254.945346,17,9,7303,7,408295082.173,138985.413761,RegiÃ³n del Maule,LicantÃ©n,CuricÃ³,-72.06037908427197,-34.974242421859316
269,119601.435685,17,9,7309,7,671615266.356,157643.230083,RegiÃ³n del Maule,VichuquÃ©n,CuricÃ³,-72.02261724666901,-34.84148166179237
50,137593.928755,16,8,6206,6,848354322.194,169534.466985,RegiÃ³n del Libertador Bernardo O'Higgins,Paredones,Cardenal Caro,-71.91140329313626,-34.67354488630938
325,72008.88548,8,7,13124,13,285185488.351,86258.7516983,RegiÃ³n Metropolitana de Santiago,Pudahuel,Santiago,-70.85466707689602,-33.42401290375579
326,35236.9206324,8,7,13125,13,81528020.2769,42127.3203139,RegiÃ³n Metropolitana de Santiago,Quilicura,Santiago,-70.73531909485645,-33.35571229169781
51,187804.711612,16,8,6201,6,1051691860.71,234629.714769,RegiÃ³n del Libertador Bernardo O'Higgins,Pichilemu,Cardenal Caro,-71.91056892776622,-34.38422616736867
47,191138.440062,16,8,6203,6,903923875.283,232027.04554,RegiÃ³n del Libertador Bernardo O'Higgins,Litueche,Cardenal Caro,-71.73099901652226,-34.105902877890216
49,91273.5344839,16,8,6205,6,438662233.718,110550.305949,RegiÃ³n del Libertador Bernardo O'Higgins,Navidad,Cardenal Caro,-71.82042385884064,-34.01266480007986
327,17674.5767905,9,7,13126,13,17084299.4672,21186.4193931,RegiÃ³n Metropolitana de Santiago,Quinta Normal,Santiago,-70.70107854596687,-33.427519086864024
328,18338.2183211,9,7,13127,13,22529573.6344,22003.86342,RegiÃ³n Metropolitana de Santiago,Recoleta,Santiago,-70.63939946619297,-33.405471394756546
188,119766.403799,7,6,5606,5,772836367.87,146163.151925,RegiÃ³n de ValparaÃ­so,Santo Domingo,San Antonio,-71.67635734244048,-33.80985928918191
187,123220.592302,7,6,5601,5,577758524.204,152169.365809,RegiÃ³n de ValparaÃ­so,San Antonio,San Antonio,-71.48921768662252,-33.66497412096296
186,61694.8458194,7,6,5605,5,143134415.225,77908.5884979,RegiÃ³n de ValparaÃ­so,El Tabo,San Antonio,-71.58031727584432,-33.48290575809852
185,44311.7081317,7,6,5604,5,73245515.3256,60595.8704087,RegiÃ³n de ValparaÃ­so,El Quisco,San Antonio,-71.6513436695667,-33.415210256539496
22536,705627.467575,2,2,1401,1,15817295874.6,777928.166584,RegiÃ³n de TarapacÃ¡,Pozo Almonte,Iquique,-69.50715932372759,-20.774948203261488
25,457962.884622,4,4,3302,3,8082802346.68,535652.550149,RegiÃ³n de Atacama,Alto del Carmen,Huasco,-70.15657153629724,-28.991568266608617
252,211209.704434,19,10,16301,16,1354151504.7,261074.449542,RegiÃ³n de Ãuble,San Carlos,Punilla,-72.01877003611573,-36.38581631017716
236,150061.177682,20,10,8111,8,768833222.526,191769.789918,RegiÃ³n del BÃ­o-BÃ­o,TomÃ©,ConcepciÃ³n,-72.85806212033751,-36.616939509816206
183,74778.7324654,7,6,5602,5,252174423.535,90001.5393264,RegiÃ³n de ValparaÃ­so,Algarrobo,San Antonio,-71.59882159482818,-33.32957217401312
195,207666.99195,7,6,5102,5,1368781349.11,261787.615296,RegiÃ³n de ValparaÃ­so,Casablanca,ValparaÃ­so,-71.4347391769323,-33.315957144957174
201,121154.309079,7,6,5101,5,442558326.343,172199.626635,RegiÃ³n de ValparaÃ­so,ValparaÃ­so,ValparaÃ­so,-71.57313559931525,-33.129698963295866
329,28974.9567113,9,7,13128,13,34071271.6529,34707.5182161,RegiÃ³n Metropolitana de Santiago,Renca,Santiago,-70.72765290710167,-33.401747218021704
203,62717.1411992,7,6,5109,5,172443275.259,76799.1567604,RegiÃ³n de ValparaÃ­so,ViÃ±a del Mar,ValparaÃ­so,-71.51516124006426,-33.02776365007985
196,49027.4942627,7,6,5103,5,106228555.463,62078.179286,RegiÃ³n de ValparaÃ­so,ConcÃ³n,ValparaÃ­so,-71.4668390317469,-32.952563226491144
200,81537.7913717,6,6,5107,5,209518416.924,99824.4732497,RegiÃ³n de ValparaÃ­so,Quintero,ValparaÃ­so,-71.47265825403385,-32.84310657351263
23471,111211.210524,6,6,5105,5,423986344.34,137214.674697,RegiÃ³n de ValparaÃ­so,PuchuncavÃ­,ValparaÃ­so,-71.38748606920862,-32.745411910418156
335,51238.6111049,14,7,13602,13,166986446.678,61626.6024168,RegiÃ³n Metropolitana de Santiago,El Monte,Talagante,-71.03355214588119,-33.66788937157281
175,101487.86064,6,6,5405,5,407015144.687,132048.913103,RegiÃ³n de ValparaÃ­so,Zapallar,Petorca,-71.3359451782405,-32.58755364640037
173,70324.3602535,6,6,5403,5,235410673.124,94459.9545474,RegiÃ³n de ValparaÃ­so,Papudo,Petorca,-71.37978040218071,-32.47483458257975
172,227905.709466,6,6,5401,5,1637152648.89,289819.116354,RegiÃ³n de ValparaÃ­so,La Ligua,Petorca,-71.27083084822436,-32.3540445507122
64,281879.76837,5,5,4203,4,2586951371.66,372268.897625,RegiÃ³n de Coquimbo,Los Vilos,Choapa,-71.30369475867934,-31.978248548232326
62,314433.003983,5,5,4202,4,3023257099.61,414867.293177,RegiÃ³n de Coquimbo,Canela,Choapa,-71.39425696003813,-31.40222387301709
74,498574.552279,5,5,4301,4,4810568023.63,605272.142742,RegiÃ³n de Coquimbo,Ovalle,LimarÃ­,-71.40542273865273,-30.673861247889036
67,283277.714694,5,5,4102,4,1919834795.9,379210.372017,RegiÃ³n de Coquimbo,Coquimbo,Elqui,-71.35861514249603,-30.228826462844278
69,272832.353811,5,5,4101,4,2535322337.11,331942.63309,RegiÃ³n de Coquimbo,La Serena,Elqui,-71.06064595301366,-29.789454048627135
22528,403681.532217,4,4,3303,3,4202109869.59,528497.745749,RegiÃ³n de Atacama,Freirina,Huasco,-71.17858980472275,-28.814789614594854
22531,308727.415083,4,4,3304,3,2074319004.39,390037.026569,RegiÃ³n de Atacama,Huasco,Huasco,-71.0286633703427,-28.250833943726686
23,1221031.37083,4,4,3101,3,22587820333.6,1400625.89937,RegiÃ³n de Atacama,CopiapÃ³,CopiapÃ³,-69.82346198107253,-27.31887321199396
22526,470854.973177,4,4,3102,3,4690106063.32,562082.332579,RegiÃ³n de Atacama,Caldera,CopiapÃ³,-70.68291773688948,-27.143840681787395
161,652322.253347,2,2,1404,1,11884204521.6,704801.069037,RegiÃ³n de TarapacÃ¡,Huara,Iquique,-69.65631513067957,-19.60318270683072
22534,382307.008098,1,1,15102,15,4410278350.63,414010.629193,RegiÃ³n de Arica y Parinacota,Camarones,Arica,-69.71515068581176,-18.937420872014144
132,279300.626697,25,13,10306,10,2611609686.01,354556.960045,RegiÃ³n de Los Lagos,San Juan de la Costa,Osorno,-73.56047999277988,-40.507143838110785
157,341130.036414,1,1,15101,15,5370647482.04,386953.254435,RegiÃ³n de Arica y Parinacota,Arica,Arica,-69.97267968562132,-18.532663201411083
145,368604.512461,24,12,14106,14,2181621348.16,481915.542171,RegiÃ³n de Los RÃ­os,Mariquina,Valdivia,-73.0169443145825,-39.51069519344546
204,224439.975395,21,10,8202,8,1517260914.39,282195.412494,RegiÃ³n del BÃ­o-BÃ­o,Arauco,Arauco,-73.3997627555785,-37.28867878934653
19,419196.369696,3,3,2301,2,4793834095.41,452935.304426,RegiÃ³n de Antofagasta,Tocopilla,Tocopilla,-70.0180696702826,-22.004272641931095
337,50719.9475647,14,7,13604,13,116364344.646,60916.5432735,RegiÃ³n Metropolitana de Santiago,Padre Hurtado,Talagante,-70.87111775669128,-33.55750402313422
338,38814.4471115,14,7,13605,13,99927507.0468,46582.4108659,RegiÃ³n Metropolitana de Santiago,PeÃ±aflor,Talagante,-70.8936740034762,-33.611009866358884
11,1114785.21186,3,3,2101,2,37117449611.2,1325120.6739,RegiÃ³n de Antofagasta,Antofagasta,Antofagasta,-69.40410319818558,-24.280765035114563
12,366551.572355,3,3,2102,2,4242798208.19,397707.879524,RegiÃ³n de Antofagasta,Mejillones,Antofagasta,-70.20313186383977,-22.946892297947866
23528,454914.038814,3,3,2104,2,25108733013.1,893453.264236,RegiÃ³n de Antofagasta,Taltal,Antofagasta,-69.86218640939583,-25.311998634820522
22525,454914.038814,4,4,3201,3,7210994733.61,535527.430303,RegiÃ³n de Atacama,ChaÃ±aral,ChaÃ±aral,-70.338144859523,-26.374038713664323
258,309855.989876,18,9,7201,7,3249865238.54,383455.688942,RegiÃ³n del Maule,Cauquenes,Cauquenes,-72.28071982838792,-35.971556436590646
18680,0.0,7,6,5104,5,159739451.135,199577.691498,RegiÃ³n de ValparaÃ­so,Juan FernÃ¡ndez,ValparaÃ­so,-79.86498409409356,-33.3584146806199
18434,0.0,7,6,5201,5,207636279.011,114625.837712,RegiÃ³n de ValparaÃ­so,Isla de Pascua,Isla de Pascua,-109.35094114109852,-27.118774583361837
5468,12110414.0888,28,15,12201,12,48445106698.2,17216035.9201,RegiÃ³n de Magallanes y AntÃ¡rtica Chilena,Cabo de Hornos,AntÃ¡rtica Chilena,-69.24997479606604,-55.028130165727646
339,69373.9054853,14,7,13601,13,185422581.414,83423.753031,RegiÃ³n Metropolitana de Santiago,Talagante,Talagante,-70.8954546450372,-33.68200066009907
343,2133928.93035,28,15,12303,12,31692487764.9,2773844.85411,RegiÃ³n de Magallanes y AntÃ¡rtica Chilena,Timaukel,Tierra del Fuego,-69.5417696018185,-54.204888486199344
6751,978819.952571,27,14,11203,11,1191685387.96,1244101.40803,RegiÃ³n de AysÃ©n del Gral.IbaÃ±ez del Campo,Guaitecas,AysÃ©n,-73.81405584504411,-43.945946254623856
340,103097.074556,2,2,1107,1,660308955.899,110216.581528,RegiÃ³n de TarapacÃ¡,Alto Hospicio,Iquique,-70.01099283073391,-20.190012090334044
13,540055.422112,3,3,2103,2,15359371124.0,586697.608499,RegiÃ³n de Antofagasta,Sierra Gorda,Antofagasta,-69.30909174078994,-23.260862958157787
72,284372.978961,5,5,4302,4,3143603093.31,334258.24882,RegiÃ³n de Coquimbo,CombarbalÃ¡,LimarÃ­,-70.96529463301759,-31.146831658173966
75,232987.562771,5,5,4304,4,1489593694.12,272971.963284,RegiÃ³n de Coquimbo,Punitaqui,LimarÃ­,-71.33270480141562,-30.946273762191545
70,209582.274942,5,5,4105,4,2037069730.23,245283.137321,RegiÃ³n de Coquimbo,Paihuano,Elqui,-70.37186196054292,-30.234643658589594
63,360387.693145,5,5,4201,4,3629836947.5,423986.085282,RegiÃ³n de Coquimbo,Illapel,Choapa,-70.97056635184529,-31.54956028310801
179,121171.627118,6,6,5802,5,419959800.373,141344.71558,RegiÃ³n de ValparaÃ­so,Limache,Marga Marga,-71.27809102243948,-33.03125486442219
182,89718.9422599,6,6,5501,5,430985287.78,106410.401134,RegiÃ³n de ValparaÃ­so,Quillota,Quillota,-71.2725672827125,-32.904760491229204
11007,14493537.8839,27,14,11201,11,61613336854.1,15101673.3014,RegiÃ³n de AysÃ©n del Gral.IbaÃ±ez del Campo,AysÃ©n,AysÃ©n,-73.77881433613638,-45.99683075303379
176,57150.9389713,6,6,5502,5,82935434.8992,66516.1417278,RegiÃ³n de ValparaÃ­so,Calera,Quillota,-71.15570273973175,-32.793882420938175
180,105327.949812,6,6,5506,5,574561389.465,124878.124713,RegiÃ³n de ValparaÃ­so,Nogales,Quillota,-71.17617269568815,-32.691593198119406
18293,101662.556986,6,6,5302,5,458651673.405,122589.687648,RegiÃ³n de ValparaÃ­so,Calle Larga,Los Andes,-70.54462065307136,-32.95081724449497
46,125229.284182,16,8,6202,6,629498140.767,151165.039159,RegiÃ³n del Libertador Bernardo O'Higgins,La Estrella,Cardenal Caro,-71.60262931227797,-34.22313555694095
296,164101.563972,14,7,13404,13,986612015.247,196999.908506,RegiÃ³n Metropolitana de Santiago,Paine,Maipo,-70.75830189491649,-33.86348627101528
118,462933.750499,26,13,10102,10,1068019982.42,571288.798093,RegiÃ³n de Los Lagos,Calbuco,Llanquihue,-73.19523429678821,-41.72305078382836
134,1021494.46386,26,13,10401,10,15483588561.7,1393137.54005,RegiÃ³n de Los Lagos,ChaitÃ©n,Palena,-72.57602711244411,-43.098951709116015
138,285247.642243,24,12,14102,14,1220376297.05,380972.175701,RegiÃ³n de Los RÃ­os,Corral,Valdivia,-73.37171955844468,-39.98923729926639
149,439830.446203,24,12,14101,14,1614169405.88,585374.318569,RegiÃ³n de Los RÃ­os,Valdivia,Valdivia,-73.16944398752052,-39.8186378731867
163,404768.386005,2,2,1101,1,2646244462.46,484872.072869,RegiÃ³n de TarapacÃ¡,Iquique,Iquique,-70.04796701955475,-20.92429676966882
68,494791.932633,5,5,4104,4,5497440452.54,594936.479312,RegiÃ³n de Coquimbo,La Higuera,Elqui,-70.9019147292374,-29.375856173493652
123,259295.415346,25,13,10106,10,2169198905.08,335671.813176,RegiÃ³n de Los Lagos,Los Muermos,Llanquihue,-73.58082527787086,-41.3967219536459
124,310676.6879,26,13,10108,10,1431774022.02,460077.755569,RegiÃ³n de Los Lagos,MaullÃ­n,Llanquihue,-73.50193834774782,-41.636266203355326
117,216985.344945,26,13,10210,10,285438959.261,291856.144199,RegiÃ³n de Los Lagos,Quinchao,Chiloe,-73.35836316721091,-42.5214874904871
111,49577.1795441,26,13,10204,10,144368020.262,66637.8707075,RegiÃ³n de Los Lagos,Curaco de VÃ©lez,Chiloe,-73.57887124088384,-42.426051124232764
256,121960.930042,19,10,16207,16,487375719.228,151406.201375,RegiÃ³n de Ãuble,Treguaco,Itata,-72.65955802806596,-36.42810130184947
251,83708.5074675,19,10,16206,16,385412507.244,104321.691568,RegiÃ³n de Ãuble,Ranquil,Itata,-72.58793057791696,-36.640488144400685
248,89771.4564953,19,10,16205,16,450069164.122,111758.661262,RegiÃ³n de Ãuble,Portezuelo,Itata,-72.46663504216085,-36.54632909470545
240,167605.341359,19,10,16202,16,874146515.79,209120.001318,RegiÃ³n de Ãuble,Cobquecura,Itata,-72.7205094142546,-36.181164780163364
250,181329.555341,19,10,16201,16,907353612.855,224623.223148,RegiÃ³n de Ãuble,Quirihue,Itata,-72.54373378704173,-36.23580083352018
241,103425.100504,19,10,16203,16,529299730.818,127039.446214,RegiÃ³n de Ãuble,Coelemu,Itata,-72.75027123067468,-36.505270252003434
23697,167605.341359,19,10,16204,16,622461173.621,148845.157691,RegiÃ³n de Ãuble,Ninhue,Itata,-72.40972131133628,-36.3568286105417
32,45434.9473286,15,8,6105,6,117186005.255,54979.1269051,RegiÃ³n del Libertador Bernardo O'Higgins,DoÃ±ihue,Cachapoal,-70.92367244007755,-34.19667517609086
33,38304.1281564,15,8,6111,6,64902253.0991,46314.0258464,RegiÃ³n del Libertador Bernardo O'Higgins,Olivar,Cachapoal,-70.82082442856436,-34.211413737595365
336,81883.4610535,14,7,13603,13,271043786.349,98708.0927032,RegiÃ³n Metropolitana de Santiago,Isla de Maipo,Talagante,-70.9461440982323,-33.748667335026944
294,89486.5423492,14,7,13402,13,315032979.677,107037.540755,RegiÃ³n Metropolitana de Santiago,Buin,Maipo,-70.73937789912824,-33.74772969510061
42,165667.707808,15,8,6115,6,862443471.17,201697.359412,RegiÃ³n del Libertador Bernardo O'Higgins,Rengo,Cachapoal,-70.71862715865916,-34.45475271740957
61,127784.879151,16,8,6310,6,582873588.497,155362.955701,RegiÃ³n del Libertador Bernardo O'Higgins,Santa Cruz,Colchagua,-71.4019392808296,-34.643032435917
56,84934.2770797,16,8,6306,6,347621025.96,103026.07662,RegiÃ³n del Libertador Bernardo O'Higgins,Palmilla,Colchagua,-71.35306646854932,-34.52833781548665
284,145736.963679,17,9,7108,7,654345161.159,178102.132446,RegiÃ³n del Maule,RÃ­o Claro,Talca,-71.26965158745611,-35.26037848494372
282,117034.761987,17,9,7106,7,497538211.849,143374.594611,RegiÃ³n del Maule,Pelarco,Talca,-71.3500258034718,-35.38307942114959
275,218476.078277,18,9,7406,7,1993974110.57,272061.041156,RegiÃ³n del Maule,San Javier,Linares,-71.92720224854247,-35.6291771041431
276,72730.4682571,18,9,7407,7,285865753.689,89631.7892819,RegiÃ³n del Maule,Villa Alegre,Linares,-71.68354894361006,-35.6858326822553
277,87657.1942619,18,9,7408,7,391151549.595,108431.338218,RegiÃ³n del Maule,Yerbas Buenas,Linares,-71.54416180163182,-35.68982474645779
281,82747.6650745,17,9,7105,7,362343399.762,102930.827852,RegiÃ³n del Maule,Maule,Talca,-71.71104116563097,-35.508995348598205
286,98722.3994148,17,9,7110,7,394248379.281,119157.557148,RegiÃ³n del Maule,San Rafael,Talca,-71.50093377213842,-35.302452562601964
222,232964.504111,21,10,8311,8,1995529342.05,290506.068906,RegiÃ³n del BÃ­o-BÃ­o,Santa BÃ¡rbara,BÃ­o-BÃ­o,-71.74920710117382,-37.62145318186739
97,225807.005242,23,11,9120,9,2162775699.31,312919.067534,RegiÃ³n de La AraucanÃ­a,Villarrica,CautÃ­n,-72.18366118168012,-39.301462524929015
91,210477.0927,23,11,9115,9,2085592670.3,273410.386152,RegiÃ³n de La AraucanÃ­a,PucÃ³n,CautÃ­n,-71.79250725696417,-39.271220308208854
88,150680.279462,23,11,9112,9,764986268.282,223058.159768,RegiÃ³n de La AraucanÃ­a,Padre Las Casas,CautÃ­n,-72.55536227838978,-38.80232443581678
128,280704.271049,25,13,10302,10,3147608001.52,371079.406195,RegiÃ³n de Los Lagos,Puerto Octay,Osorno,-72.59867239678309,-40.93310965096402
121,156298.936885,25,13,10105,10,1463396798.55,207090.662058,RegiÃ³n de Los Lagos,Frutillar,Llanquihue,-73.09409951529919,-41.08701235473211
178,50791.5591925,6,6,5504,5,111725359.962,60394.3685423,RegiÃ³n de ValparaÃ­so,La Cruz,Quillota,-71.24018218163373,-32.824999405829324
267,133701.497107,17,9,7307,7,823864321.261,163146.861584,RegiÃ³n del Maule,Sagrada Familia,CuricÃ³,-71.49596772356571,-35.10390563230073
274,199520.562087,18,9,7405,7,1264038781.33,246638.20713,RegiÃ³n del Maule,Retiro,Linares,-71.82950462010271,-36.00234530398068
40,45843.868676,15,8,6114,6,126555655.904,56149.5112095,RegiÃ³n del Libertador Bernardo O'Higgins,Quinta de Tilcoco,Cachapoal,-70.99805791231684,-34.35925170271093
164,246736.545322,1,1,15202,15,2509040261.96,259431.10106,RegiÃ³n de Arica y Parinacota,General Lagos,Parinacota,-69.5715315839613,-17.830670215091068
23339,627965.864192,3,3,2203,2,28168176039.0,777848.910833,RegiÃ³n de Antofagasta,San Pedro de Atacama,El Loa,-67.90946951764187,-23.406129809672887
24,663514.732374,4,4,3103,3,14469494899.6,745257.356278,RegiÃ³n de Atacama,Tierra Amarilla,CopiapÃ³,-69.67119415309817,-27.864756184898496
192,223619.09255,6,6,5705,5,2047078842.33,267483.743978,RegiÃ³n de ValparaÃ­so,Putaendo,San Felipe,-70.521736724165,-32.48138790826602
73,383407.332588,5,5,4303,4,5729658414.31,446491.201058,RegiÃ³n de Coquimbo,Monte Patria,LimarÃ­,-70.65018042657421,-30.835041266278544
76,319010.527207,5,5,4305,4,2976859156.61,370541.543149,RegiÃ³n de Coquimbo,RÃ­o Hurtado,LimarÃ­,-70.65380242840861,-30.43058039000718
65,372597.428712,5,5,4204,4,4795458230.04,440576.778684,RegiÃ³n de Coquimbo,Salamanca,Choapa,-70.6611444278228,-31.89376059906363
170,184009.789632,6,6,5304,5,1950197976.69,220202.957811,RegiÃ³n de ValparaÃ­so,San Esteban,Los Andes,-70.34835006815855,-32.68683123736723
168,230749.950972,6,6,5301,5,1759202678.72,275449.947388,RegiÃ³n de ValparaÃ­so,Los Andes,Los Andes,-70.24312846277981,-32.95105156824948
293,483095.202852,12,7,13203,13,7223837023.36,582995.722046,RegiÃ³n Metropolitana de Santiago,San JosÃ© de Maipo,Cordillera,-70.0966697570544,-33.70586468771993
261,325441.152885,17,9,7301,7,1999249037.17,402410.670061,RegiÃ³n del Maule,CuricÃ³,CuricÃ³,-70.89532465866459,-35.19927386708839
36,287697.230958,15,8,6108,6,3814100960.32,348068.28974,RegiÃ³n del Libertador Bernardo O'Higgins,MachalÃ­,Cachapoal,-70.3191197404907,-34.32106110336376
264,347734.242666,17,9,7304,7,2287058762.27,427455.728122,RegiÃ³n del Maule,Molina,CuricÃ³,-70.90972948292894,-35.35298733121446
270,435841.141193,18,9,7402,7,4491299601.97,539510.53765,RegiÃ³n del Maule,ColbÃºn,Linares,-70.97821581370445,-36.07821070632712
285,448817.237388,17,9,7109,7,6843255658.93,559549.712326,RegiÃ³n del Maule,San Clemente,Talca,-70.84800942915399,-35.71250238466632
86,172698.952993,22,11,9110,9,1827434800.47,222108.717852,RegiÃ³n de La AraucanÃ­a,Melipeuco,CautÃ­n,-71.61078817766791,-38.824986992897585
141,286712.168716,24,12,14203,14,3040914142.73,378061.761319,RegiÃ³n de Los RÃ­os,Lago Ranco,Ranco,-72.16565626567646,-40.37277432972181
139,313512.987918,24,12,14202,14,3574704219.24,409718.526274,RegiÃ³n de Los RÃ­os,Futrono,Ranco,-72.11542590737119,-40.11881119420868
126,528520.525397,25,13,10109,10,7134920316.47,721040.807507,RegiÃ³n de Los Lagos,Puerto Varas,Llanquihue,-72.38636138559674,-41.19032276320626
136,620859.137359,26,13,10403,10,5253744102.59,842406.440569,RegiÃ³n de Los Lagos,HualaihuÃ©,Palena,-72.37551893038903,-42.17937715393844
137,362175.50769,26,13,10404,10,5064136489.3,508841.353873,RegiÃ³n de Los Lagos,Palena,Palena,-71.98345538282162,-43.68386643828958
135,223490.383838,26,13,10402,10,2323391098.16,306829.637303,RegiÃ³n de Los Lagos,FutaleufÃº,Palena,-72.00697616367515,-43.180736691339305
16,287024.394098,3,3,2202,2,3400300495.23,311093.751896,RegiÃ³n de Antofagasta,OllagÃ¼e,El Loa,-68.31510186513877,-21.45914448598991
162,649913.678869,2,2,1405,1,10306422564.1,694099.442721,RegiÃ³n de TarapacÃ¡,Pica,Iquique,-68.91316088449472,-20.481063858429295
21,834480.351077,4,4,3202,3,23715828268.2,941475.161616,RegiÃ³n de Atacama,Diego de Almagro,ChaÃ±aral,-69.1892555494896,-26.234601574816743
28,627012.439699,4,4,3301,3,9405587591.54,724391.155903,RegiÃ³n de Atacama,Vallenar,Huasco,-70.60358278388179,-28.59621360792831
71,607750.25862,5,5,4106,4,10115172701.4,701236.04761,RegiÃ³n de Coquimbo,VicuÃ±a,Elqui,-70.3822365771232,-29.892877372514
290,133827.265443,8,7,13303,13,932499624.704,160053.560383,RegiÃ³n Metropolitana de Santiago,Tiltil,Chacabuco,-70.87620604521318,-33.062824199260554
177,89282.9335671,6,6,5503,5,380839113.584,106453.096965,RegiÃ³n de ValparaÃ­so,Hijuelas,Quillota,-71.08107908869542,-32.869422602274874
199,163202.154847,6,6,5801,5,767400372.21,195680.328671,RegiÃ³n de ValparaÃ­so,QuilpuÃ©,Marga Marga,-71.25416343309661,-33.14723242991156
301,232762.678732,14,7,13501,13,1958270653.88,279206.237619,RegiÃ³n Metropolitana de Santiago,Melipilla,Melipilla,-71.19499087606327,-33.744251054794354
35,159117.884535,16,8,6107,6,1102164008.53,192313.119514,RegiÃ³n del Libertador Bernardo O'Higgins,Las Cabras,Cachapoal,-71.33270735095856,-34.16484832993556
302,162648.3119,14,7,13505,13,1145315682.11,195465.25112,RegiÃ³n Metropolitana de Santiago,San Pedro,Melipilla,-71.4520130984225,-33.93142738409591
298,154307.594364,14,7,13502,13,1232469712.21,186225.848908,RegiÃ³n Metropolitana de Santiago,AlhuÃ©,Melipilla,-71.05660633673348,-34.04283175770537
53,123299.021805,16,8,6303,6,754358770.033,151208.777493,RegiÃ³n del Libertador Bernardo O'Higgins,Chimbarongo,Colchagua,-70.98074131172275,-34.75187901641511
54,146275.451503,16,8,6304,6,886632357.942,177221.185471,RegiÃ³n del Libertador Bernardo O'Higgins,Lolol,Colchagua,-71.64874424035327,-34.76816242673358
262,180423.19872,17,9,7302,7,939882079.111,219064.573153,RegiÃ³n del Maule,HualaÃ±Ã©,CuricÃ³,-71.70878847265605,-34.952745998654365
265,137991.420097,17,9,7305,7,457955014.943,169189.121385,RegiÃ³n del Maule,Rauco,CuricÃ³,-71.42625016207614,-34.9382741355303
52,157701.141493,16,8,6302,6,711830221.402,184536.934759,RegiÃ³n del Libertador Bernardo O'Higgins,ChÃ©pica,Colchagua,-71.3598475846982,-34.79197928438484
268,170374.710267,17,9,7308,7,924096362.914,207372.01932,RegiÃ³n del Maule,Teno,CuricÃ³,-71.02182871636842,-34.88814653259836
266,258704.153324,17,9,7306,7,2398472696.99,321639.105249,RegiÃ³n del Maule,Romeral,CuricÃ³,-70.7114535877072,-35.06832359121979
60,266787.45489,16,8,6301,6,3443965141.97,325935.355696,RegiÃ³n del Libertador Bernardo O'Higgins,San Fernando,Colchagua,-70.60278633331687,-34.74379743459394
273,353001.423634,18,9,7404,7,2521923287.18,435750.546027,RegiÃ³n del Maule,Parral,Linares,-71.64538276190585,-36.262233072348174
247,262471.179115,19,10,16106,16,1727224327.51,330351.588418,RegiÃ³n de Ãuble,Pinto,Ãuble,-71.49940931546486,-36.92153331677874
254,121908.642828,19,10,16108,16,567758406.115,152286.672094,RegiÃ³n de Ãuble,San Ignacio,Ãuble,-72.02940499435618,-36.82245719255303
246,200217.678681,19,10,16105,16,883295708.326,250641.1279,RegiÃ³n de Ãuble,Pemuco,Ãuble,-72.06752474042081,-36.98296310534303
255,130240.555805,19,10,16305,16,875100578.884,160459.137929,RegiÃ³n de Ãuble,San NicolÃ¡s,Punilla,-72.2284634570013,-36.479694220877526
253,311061.932415,19,10,16304,16,2393006610.49,388109.613857,RegiÃ³n de Ãuble,San FabiÃ¡n,Punilla,-71.28730677676188,-36.5800628472565
245,159257.906431,19,10,16303,16,763817291.752,195593.933727,RegiÃ³n de Ãuble,ÃiquÃ©n,Punilla,-71.89774823071936,-36.302071063973045
243,157467.049667,19,10,16104,16,1044405375.01,196962.664313,RegiÃ³n de Ãuble,El Carmen,Ãuble,-71.84707224421486,-36.92508357393257
242,276848.826499,19,10,16302,16,2764575965.31,346671.611064,RegiÃ³n de Ãuble,Coihueco,Punilla,-71.581048418296,-36.70214456353703
